{
  "camera_matrix": [
    [
      1198.4642568980996,
      0.0,
      335.40655731676486
    ],
    [
      0.0,
      1158.5357676150902,
      249.94743307936605
    ],
    [
      0.0,
      0.0,
      1.0
    ]
  ],
  "dist_coeffs": [
    -1.0057579760310276,
    1.2781380843128851,
    0.028225471451231835,
    -0.0004827911500781721,
    -0.8232434147235551
  ],
  "homography": [
    [
      0.715846609014423,
      0.015790715234460864,
      371.4811104148647
    ],
    [
      0.005940325347433161,
      0.6985803447241191,
      243.23894804560913
    ],
    [
      -1.5275941507438536e-05,
      -8.368723106416925e-06,
      1.0
    ]
  ],
  "image_size": [
    640,
    480
  ],
  "warp_size": [
    1200,
    800
  ],
  "board": {
    "cols": 11,
    "rows": 7,
    "square_size_mm": 23.0
  },
  "reprojection_error": 5.330462104757535,
  "corner_order": "top_left, top_right, bottom_right, bottom_left",
  "arena_corners_px": [
    [
      -511.35479736328125,
      -343.84210205078125
    ],
    [
      1139.749267578125,
      -357.88214111328125
    ],
    [
      1100.437255859375,
      759.7020263671875
    ],
    [
      -536.6267700195312,
      801.822021484375
    ]
  ],
  "created_at_utc": "2026-03-21T21:15:35Z",
  "zoom_tuned_from": "data/arena_calibration.json",
  "zoom_factor": 1.5,
  "arena_zoom_scale": 1.2
}