{
  "camera_matrix": [
    [
      1198.4642568980996,
      0.0,
      335.40655731676486
    ],
    [
      0.0,
      1158.5357676150902,
      249.94743307936605
    ],
    [
      0.0,
      0.0,
      1.0
    ]
  ],
  "dist_coeffs": [
    -1.0057579760310276,
    1.2781380843128851,
    0.028225471451231835,
    -0.0004827911500781721,
    -0.8232434147235551
  ],
  "homography": [
    [
      0.6951253055935396,
      0.015333640366440457,
      377.86420770387207
    ],
    [
      0.005768374364326391,
      0.6783588580867727,
      247.70991694885268
    ],
    [
      -1.483376184091508e-05,
      -8.1265109817449e-06,
      1.0
    ]
  ],
  "image_size": [
    640,
    480
  ],
  "warp_size": [
    1200,
    800
  ],
  "board": {
    "cols": 11,
    "rows": 7,
    "square_size_mm": 23.0
  },
  "reprojection_error": 5.330462104757535,
  "corner_order": "top_left, top_right, bottom_right, bottom_left",
  "arena_corners_px": [
    [
      -535.636962890625,
      -360.6058349609375
    ],
    [
      1165.000244140625,
      -375.06707763671875
    ],
    [
      1124.5087890625,
      776.0445556640625
    ],
    [
      -561.6671142578125,
      819.4281616210938
    ]
  ],
  "created_at_utc": "2026-03-21T21:15:35Z",
  "zoom_tuned_from": "data/arena_calibration.json",
  "zoom_factor": 1.0,
  "arena_zoom_scale": 1.03
}